{
  "cond1": {
    "PMO": {
      "n": 20,
      "mean_a": 28.41025552749634,
      "sd_a": 1.9664342733677866,
      "mean_b": 26.28911247253418,
      "sd_b": 1.4343448253496203,
      "delta": -2.1211430549621584,
      "ci": [
        -2.852516460418701,
        -1.399071216583252
      ],
      "p_boot": 0.0,
      "dz": -1.2277993299715608,
      "cfg": {
        "b1": 0.85,
        "gc": 1.0,
        "lr": 0.003
      }
    },
    "Adan": {
      "n": 20,
      "mean_a": 28.41025552749634,
      "sd_a": 1.9664342733677866,
      "mean_b": 27.902194595336915,
      "sd_b": 1.9531493165153355,
      "delta": -0.5080609321594238,
      "ci": [
        -1.5619613647460937,
        0.5763823509216308
      ],
      "p_boot": 0.347,
      "dz": -0.2014873340181829,
      "cfg": {
        "b1": 0.95,
        "gc": 0.0,
        "lr": 0.001
      }
    },
    "RAdam": {
      "n": 20,
      "mean_a": 28.41025552749634,
      "sd_a": 1.9664342733677866,
      "mean_b": 27.974024868011476,
      "sd_b": 1.603896065993253,
      "delta": -0.4362306594848633,
      "ci": [
        -1.1429880142211915,
        0.32790193557739256
      ],
      "p_boot": 0.2564,
      "dz": -0.2503615019420909,
      "cfg": {
        "b1": 0.9,
        "gc": 1.0,
        "lr": 0.001
      }
    },
    "Lion": {
      "n": 20,
      "mean_a": 28.41025552749634,
      "sd_a": 1.9664342733677866,
      "mean_b": 26.97742223739624,
      "sd_b": 0.25883312514184253,
      "delta": -1.4328332901000977,
      "ci": [
        -2.169028949737549,
        -0.6543444633483887
      ],
      "p_boot": 0.0004,
      "dz": -0.8069371584375221,
      "cfg": {
        "b1": 0.95,
        "gc": 0.5,
        "lr": 0.0003
      }
    }
  },
  "cond2": {
    "PMO": {
      "n": 20,
      "mean_a": 41.82266778945923,
      "sd_a": 6.531666826206434,
      "mean_b": 27.9056378364563,
      "sd_b": 4.882067245584544,
      "delta": -13.91702995300293,
      "ci": [
        -17.008617782592772,
        -10.939097785949707
      ],
      "p_boot": 0.0,
      "dz": -1.9499967348433627,
      "cfg": {
        "b1": 0.85,
        "gc": 0.5,
        "lr": 0.0003
      }
    },
    "Adan": {
      "n": 20,
      "mean_a": 41.82266778945923,
      "sd_a": 6.531666826206434,
      "mean_b": 36.12610521316528,
      "sd_b": 9.542637528982212,
      "delta": -5.696562576293945,
      "ci": [
        -10.661437129974365,
        -0.6504705429077149
      ],
      "p_boot": 0.0262,
      "dz": -0.4831820416567749,
      "cfg": {
        "b1": 0.85,
        "gc": 0.5,
        "lr": 0.0003
      }
    },
    "RAdam": {
      "n": 20,
      "mean_a": 41.82266778945923,
      "sd_a": 6.531666826206434,
      "mean_b": 26.964996433258058,
      "sd_b": 5.757575633996283,
      "delta": -14.857671356201172,
      "ci": [
        -18.46233425140381,
        -11.553709411621094
      ],
      "p_boot": 0.0,
      "dz": -1.850192846700588,
      "cfg": {
        "b1": 0.8,
        "gc": 0.5,
        "lr": 0.001
      }
    },
    "Lion": {
      "n": 20,
      "mean_a": 41.82266778945923,
      "sd_a": 6.531666826206434,
      "mean_b": 40.68055267333985,
      "sd_b": 7.429018075179971,
      "delta": -1.1421151161193848,
      "ci": [
        -5.1660487174987795,
        2.9838239669799806
      ],
      "p_boot": 0.5794,
      "dz": -0.12059223001622796,
      "cfg": {
        "b1": 0.95,
        "gc": 1.0,
        "lr": 0.0001
      }
    }
  },
  "cond3": {
    "PMO": {
      "n": 20,
      "mean_a": 27.731989002227785,
      "sd_a": 0.2824689102550015,
      "mean_b": 19.78105297088623,
      "sd_b": 0.1928929440834511,
      "delta": -7.950936031341553,
      "ci": [
        -8.073927211761475,
        -7.820939731597901
      ],
      "p_boot": 0.0,
      "dz": -26.732767626070117,
      "cfg": {
        "b1": 0.9,
        "gc": 0.0,
        "lr": 0.003
      }
    },
    "Adan": {
      "n": 20,
      "mean_a": 27.731989002227785,
      "sd_a": 0.2824689102550015,
      "mean_b": 28.687306118011474,
      "sd_b": 2.904889653507347,
      "delta": 0.9553171157836914,
      "ci": [
        -0.2731316566467285,
        2.2197882652282717
      ],
      "p_boot": 0.1222,
      "dz": 0.332703486099204,
      "cfg": {
        "b1": 0.85,
        "gc": 2.0,
        "lr": 0.003
      }
    },
    "RAdam": {
      "n": 20,
      "mean_a": 27.731989002227785,
      "sd_a": 0.2824689102550015,
      "mean_b": 26.28902311325073,
      "sd_b": 1.9274531773756538,
      "delta": -1.4429658889770507,
      "ci": [
        -2.214310646057129,
        -0.753394603729248
      ],
      "p_boot": 0.0,
      "dz": -0.832931300343133,
      "cfg": {
        "b1": 0.95,
        "gc": 0.0,
        "lr": 0.003
      }
    },
    "Lion": {
      "n": 20,
      "mean_a": 27.731989002227785,
      "sd_a": 0.2824689102550015,
      "mean_b": 27.705818462371827,
      "sd_b": 3.7475058999975195,
      "delta": -0.02617053985595703,
      "ci": [
        -1.5226456642150878,
        1.6808618545532226
      ],
      "p_boot": 0.9588,
      "dz": -0.0070381171911179105,
      "cfg": {
        "b1": 0.9,
        "gc": 0.0,
        "lr": 0.001
      }
    }
  }
}