{
  "cond1": {
    "PMO": {
      "2024": {
        "n": 20,
        "mean_a": 28.41025552749634,
        "sd_a": 1.9664342733677866,
        "mean_b": 26.28911247253418,
        "sd_b": 1.4343448253496203,
        "delta": -2.1211430549621584,
        "ci": [
          -2.852516460418701,
          -1.399071216583252
        ],
        "p_boot": 0.0,
        "dz": -1.2277993299715608
      },
      "7": {
        "n": 20,
        "mean_a": 36.504711389541626,
        "sd_a": 10.914634060819864,
        "mean_b": 21.872554302215576,
        "sd_b": 9.70775805472995,
        "delta": -14.63215708732605,
        "ci": [
          -20.191057777404787,
          -8.600804042816161
        ],
        "p_boot": 0.0,
        "dz": -1.05974692416043
      },
      "88": {
        "n": 20,
        "mean_a": 42.1532527923584,
        "sd_a": 2.7632808928443953,
        "mean_b": 43.124032974243164,
        "sd_b": 3.2592331987971344,
        "delta": 0.9707801818847657,
        "ci": [
          -0.8734230041503906,
          2.7650222778320312
        ],
        "p_boot": 0.2922,
        "dz": 0.22813722036866887
      },
      "1": {
        "n": 20,
        "mean_a": 15.897045612335205,
        "sd_a": 1.2770026980468243,
        "mean_b": 15.655577087402344,
        "sd_b": 1.188223472160157,
        "delta": -0.24146852493286133,
        "ci": [
          -0.8717308044433594,
          0.4775735855102539
        ],
        "p_boot": 0.4634,
        "dz": -0.1535165561667699
      },
      "2": {
        "n": 20,
        "mean_a": 13.120938968658447,
        "sd_a": 1.178823178374883,
        "mean_b": 13.509437894821167,
        "sd_b": 0.41369385381878876,
        "delta": 0.38849892616271975,
        "ci": [
          -0.10757513046264648,
          0.909765625
        ],
        "p_boot": 0.1326,
        "dz": 0.3237233404362225
      }
    },
    "Adan": {
      "2024": {
        "n": 20,
        "mean_a": 28.41025552749634,
        "sd_a": 1.9664342733677866,
        "mean_b": 27.902194595336915,
        "sd_b": 1.9531493165153355,
        "delta": -0.5080609321594238,
        "ci": [
          -1.5619613647460937,
          0.5763823509216308
        ],
        "p_boot": 0.347,
        "dz": -0.2014873340181829
      },
      "7": {
        "n": 20,
        "mean_a": 36.504711389541626,
        "sd_a": 10.914634060819864,
        "mean_b": 28.76807312965393,
        "sd_b": 8.815289753974575,
        "delta": -7.7366382598876955,
        "ci": [
          -11.848576402664184,
          -3.441498136520386
        ],
        "p_boot": 0.0004,
        "dz": -0.778894274759079
      },
      "88": {
        "n": 20,
        "mean_a": 42.1532527923584,
        "sd_a": 2.7632808928443953,
        "mean_b": 42.73707227706909,
        "sd_b": 9.86989733812445,
        "delta": 0.5838194847106933,
        "ci": [
          -3.7151814460754395,
          4.328213119506836
        ],
        "p_boot": 0.7558,
        "dz": 0.06178204755459614
      },
      "1": {
        "n": 20,
        "mean_a": 15.897045612335205,
        "sd_a": 1.2770026980468243,
        "mean_b": 15.605299186706542,
        "sd_b": 1.5621455188279068,
        "delta": -0.2917464256286621,
        "ci": [
          -1.1290364265441895,
          0.5439329624176026
        ],
        "p_boot": 0.4964,
        "dz": -0.15028827489688057
      },
      "2": {
        "n": 20,
        "mean_a": 13.120938968658447,
        "sd_a": 1.178823178374883,
        "mean_b": 12.20209984779358,
        "sd_b": 1.5400368859475457,
        "delta": -0.9188391208648682,
        "ci": [
          -1.7961535930633545,
          -0.014987516403198241
        ],
        "p_boot": 0.0448,
        "dz": -0.443596680316191
      }
    },
    "RAdam": {
      "2024": {
        "n": 20,
        "mean_a": 28.41025552749634,
        "sd_a": 1.9664342733677866,
        "mean_b": 27.974024868011476,
        "sd_b": 1.603896065993253,
        "delta": -0.4362306594848633,
        "ci": [
          -1.1429880142211915,
          0.32790193557739256
        ],
        "p_boot": 0.2564,
        "dz": -0.2503615019420909
      },
      "7": {
        "n": 20,
        "mean_a": 36.504711389541626,
        "sd_a": 10.914634060819864,
        "mean_b": 26.739171838760377,
        "sd_b": 8.756841994636831,
        "delta": -9.76553955078125,
        "ci": [
          -15.262110948562622,
          -3.7021056175231934
        ],
        "p_boot": 0.0026,
        "dz": -0.7228263264309495
      },
      "88": {
        "n": 20,
        "mean_a": 42.1532527923584,
        "sd_a": 2.7632808928443953,
        "mean_b": 42.009979820251466,
        "sd_b": 3.5009318583897913,
        "delta": -0.1432729721069336,
        "ci": [
          -2.2355886459350587,
          2.106230354309082
        ],
        "p_boot": 0.8846,
        "dz": -0.028256312254448555
      },
      "1": {
        "n": 20,
        "mean_a": 15.897045612335205,
        "sd_a": 1.2770026980468243,
        "mean_b": 17.834125423431395,
        "sd_b": 5.086645715427709,
        "delta": 1.9370798110961913,
        "ci": [
          -0.06132173538208008,
          4.360891580581665
        ],
        "p_boot": 0.0594,
        "dz": 0.377542676287267
      },
      "2": {
        "n": 20,
        "mean_a": 13.120938968658447,
        "sd_a": 1.178823178374883,
        "mean_b": 12.148296451568603,
        "sd_b": 1.4724722262506524,
        "delta": -0.9726425170898437,
        "ci": [
          -1.7183658123016357,
          -0.3265811920166016
        ],
        "p_boot": 0.0014,
        "dz": -0.5875576005698292
      }
    },
    "Lion": {
      "2024": {
        "n": 20,
        "mean_a": 28.41025552749634,
        "sd_a": 1.9664342733677866,
        "mean_b": 26.97742223739624,
        "sd_b": 0.25883312514184253,
        "delta": -1.4328332901000977,
        "ci": [
          -2.169028949737549,
          -0.6543444633483887
        ],
        "p_boot": 0.0004,
        "dz": -0.8069371584375221
      },
      "7": {
        "n": 20,
        "mean_a": 36.504711389541626,
        "sd_a": 10.914634060819864,
        "mean_b": 22.768288612365723,
        "sd_b": 9.011949846098604,
        "delta": -13.736422777175903,
        "ci": [
          -19.558683252334596,
          -7.381089878082276
        ],
        "p_boot": 0.0,
        "dz": -0.9625130722637187
      },
      "88": {
        "n": 20,
        "mean_a": 42.1532527923584,
        "sd_a": 2.7632808928443953,
        "mean_b": 40.63664445877075,
        "sd_b": 7.542006744675623,
        "delta": -1.5166083335876466,
        "ci": [
          -4.583522796630859,
          1.0791093826293945
        ],
        "p_boot": 0.2906,
        "dz": -0.22960773434924087
      },
      "1": {
        "n": 20,
        "mean_a": 15.897045612335205,
        "sd_a": 1.2770026980468243,
        "mean_b": 15.879101181030274,
        "sd_b": 0.8407894952887444,
        "delta": -0.01794443130493164,
        "ci": [
          -0.5552618980407715,
          0.49028215408325193
        ],
        "p_boot": 0.9808,
        "dz": -0.014570846591852402
      },
      "2": {
        "n": 20,
        "mean_a": 13.120938968658447,
        "sd_a": 1.178823178374883,
        "mean_b": 15.33245792388916,
        "sd_b": 1.6180245749654516,
        "delta": 2.211518955230713,
        "ci": [
          1.2228528022766114,
          3.291511821746826
        ],
        "p_boot": 0.0,
        "dz": 0.906112418228443
      }
    }
  },
  "cond2": {
    "PMO": {
      "2024": {
        "n": 20,
        "mean_a": 41.82266778945923,
        "sd_a": 6.531666826206434,
        "mean_b": 27.9056378364563,
        "sd_b": 4.882067245584544,
        "delta": -13.91702995300293,
        "ci": [
          -17.008617782592772,
          -10.939097785949707
        ],
        "p_boot": 0.0,
        "dz": -1.9499967348433627
      },
      "7": {
        "n": 20,
        "mean_a": 71.43976974487305,
        "sd_a": 3.9095352521834066,